{
    ".แจก": "https://sv1.picz.in.th/images/2021/06/28/so3i1W.jpg",
    ".แจก1": "https://line.me/R/ti/g/VLsHWHf6Kt",
    "Aip": false,
    "Api": false,
    "B1": "https://sv1.picz.in.th/images/2021/06/27/sbIvDW.jpg",
    "B2": " ✨WWPG\n🎰 PG SLOT\n🎁 โบนัส 50%\n🎀 โบนัสสูงสุด 500บาท\n💵 เทิน 3เท่า\n💳ถอนสุงสุด 20 เท่า\n====================\n📲 https://bit.ly/3x1AGy3",
    "B3": "https://www.img.in.th/images/85ab07b5487b1be325581b9eaf1d97b6.jpg",
    "B4": "𝕄𝕚𝕟𝕚𝕠𝕟 ℙ𝔾\nสมัครใหม่โบนัส 200%\nฝากทั้งวันโบนัส 100%\nโบนัสนาทีทองรับโบนัสจัดเต็ม\n49 รับ 100\n99 รับ 200\n199 รับ 500\n299 รับ 700\n============\nสมัครคลิก\nhttps://bit.ly/2LBHfF9",
    "DDATE": {},
    "K1": "ยังไม่หมดแค่นี้\nเพจเหี้ยยังมีต่อเนื่อง\nตามข้อมูลด้านล่างเลยครับ",
    "K2": "Euwin99 \nสถานะเว็บ : ถอนเอง30k\nค่ายเกมส์ : รวมค่าย\n สมาชิกใหม่ : 100%\nโบนัสสูงสุด : 3000\nทำเทริน : 5 เท่า\n ถอนสูงสุด : 8 เท่า\n\n\nLine - EUWIN99\n\nlink สมัคร \nhttps://www.euwin99.com/affr.aspx?a=FBCasino",
    "Leave": true,
    "LiineID": "ใครผ่านลิ้งทราย ufaup883 \nทรายเคลมทุนให้ค่ะ ถ้าถอนไม่ได้ \nหลัง 18:00 ถ้ายังไม่ได้ยอด \nส่งยุส สลิป พร้อมเลข บช ที่ สต.ทรายนะคะ \n:: I-en2yme\n#อย่ามั่วมานะ \n#ด่าลืมบ้านเลขที่เลยนะจ้ะ",
    "LiineID2": "https://www.minionslot.com",
    "LiineID3": "https://www.minionslot.com",
    "LineID": "https://d20gjgsn2f0jqy.cloudfront.net/Iamrobot/60da497f2ba3ca5b269f403d.html",
    "LineID2": "https://line.me/ti/p/~botlinegroup",
    "LineID3": "https://line.me/ti/p/~@wm789v1",
    "Lv": true,
    "M26": "http://bit.ly/2PuPKUl",
    "M36": "https://d20gjgsn2f0jqy.cloudfront.net/Iamrobot/6087f1775489bc24229836c4.html",
    "N26": "https://www.img.in.th/images/03991600045a825fe68d46960a080b03.jpg",
    "N36": "https://www.img.in.th/images/dac46471b98e4be3b9aca1db79ce1be5.png",
    "Nk": true,
    "Nn": true,
    "Owner": {},
    "P1": "https://sv1.picz.in.th/images/2021/06/23/sU29Re.jpg",
    "P10": "https://www.img.in.th/images/2792608d411108d9cfd95aa4b5d7fa90.png",
    "P11": "https://www.img.in.th/images/2792608d411108d9cfd95aa4b5d7fa90.png",
    "P12": "https://www.img.in.th/images/2792608d411108d9cfd95aa4b5d7fa90.png",
    "P13": "https://www.img.in.th/images/2792608d411108d9cfd95aa4b5d7fa90.png",
    "P14": "https://www.img.in.th/images/2792608d411108d9cfd95aa4b5d7fa90.png",
    "P15": "https://www.img.in.th/images/2792608d411108d9cfd95aa4b5d7fa90.png",
    "P16": "https://www.img.in.th/images/2792608d411108d9cfd95aa4b5d7fa90.png",
    "P17": "https://www.img.in.th/images/2792608d411108d9cfd95aa4b5d7fa90.png",
    "P18": "https://www.img.in.th/images/2792608d411108d9cfd95aa4b5d7fa90.png",
    "P19": "https://www.img.in.th/images/2792608d411108d9cfd95aa4b5d7fa90.png",
    "P2": "https://sv1.picz.in.th/images/2021/06/23/sU23zt.jpg",
    "P20": "https://www.img.in.th/images/2792608d411108d9cfd95aa4b5d7fa90.png",
    "P21": "https://www.img.in.th/images/2792608d411108d9cfd95aa4b5d7fa90.png",
    "P22": "https://www.img.in.th/images/2792608d411108d9cfd95aa4b5d7fa90.png",
    "P23": "https://www.img.in.th/images/2792608d411108d9cfd95aa4b5d7fa90.png",
    "P24": "https://www.img.in.th/images/2792608d411108d9cfd95aa4b5d7fa90.png",
    "P26": "https://www.img.in.th/images/84f473a2f15f3d747f603de257cf63f0.jpg",
    "P3": "https://www.img.in.th/images/d0664b91a7733ec969b9df6d58c9a146.png",
    "P36": "https://www.img.in.th/images/1c8866de823dd96ea49bbc9a515e0cbd.jpg",
    "P4": "https://www.img.in.th/images/a298241ab0deb0968a02ccbfc52ac5f9.jpg",
    "P46": "https://www.img.in.th/images/0b390b76b1e6a6bec8e3db2511634986.jpg",
    "P5": "https://www.img.in.th/images/135e6c9b59ed75ba586f5a17d5faab38.jpg",
    "P6": "https://www.img.in.th/images/03991600045a825fe68d46960a080b03.jpg",
    "P7": "https://www.img.in.th/images/bca308793b164818ad3e5caac26cd98a.jpg",
    "P8": "https://www.img.in.th/images/4e973a37b51bef573a239dce44c77b72.jpg",
    "P9": "https://www.img.in.th/images/d87bc79db4d824a6d05f07766259db1b.png",
    "Pic": "https://sv1.picz.in.th/images/2021/06/29/sorgLJ.jpg",
    "Pic2": "https://www.img.in.th/images/6c5a91296039e284a20807021971a9fe.jpg",
    "Pic3": "https://sv1.picz.in.th/images/2021/06/29/sorCze.png",
    "Pic4": "https://sv1.picz.in.th/images/2021/06/17/s1YdWZ.png",
    "Piic": "https://sv1.picz.in.th/images/2021/04/08/ASyzM0.png",
    "Piic2": "https://www.img.in.th/images/deccfabdb57eac8c356051379debee79.jpg",
    "Piic3": "https://www.img.in.th/images/1497ac1b9db263c4526d620de4266e02.jpg",
    "Piic4": "https://sv1.picz.in.th/images/2021/06/29/sorAkI.jpg",
    "S1": "แจ้งข่าวสาร อัพเดตเพจโกง\n𝕊𝕃𝕆𝕋 𝕋ℍ𝔸𝕀 𝔾ℝ𝕆𝕌ℙ\nติดตามข่าวอัพเดตจากผู้เล่นจริง\n==================\nติดตามพวกเราได้ที่\n𝐋𝐈𝐍𝐄 𝐈𝐃: @𝐒𝐋𝐎𝐓𝐓𝐇𝐀𝐈\nคลิก https://bit.ly/3bRoSWy\n⇨⇨⇨⇨⇨⇨⇨⇨⇨⇨⇨⇨⇨⇨\nℬ𝓎. ┈━═☆𝓐𝓭𝓶𝓲𝓷 𝓣𝓾𝓜𝔃 ☆═━┈ \n⇦⇦⇦⇦⇦⇦⇦⇦⇦⇦⇦⇦⇦⇦",
    "S2": "\"หน้าตาอาจจะไม่ได้\"\n\"แต่ความจัญไรไว้ใจเรา\"\n\nอยากลองมาร้องที่ห้องเราสักคืนมั้ย\n😅😅😅😅😅😅😅😅😅😅😅",
    "S3": "/พิกัด   💥💥กิจกรรมแจกเครดิตฟรี 💸\nสมาชิกท่านใดสนใจเข้าร่วมกิจกรรม\nครั้งนี้ต้องเป็นสมาชิกที่สมัครกับทาง\n\n⚡️⚡️⚡️เว็บ SUN365⚡️⚡️⚡️\n\nที่มีสลิปเติมเงินกับทางเว็บ วันที่จัดกิจกรรม \nพกสลิป มาร่วมกิจกรรมครั้งนี้ด้วย🙏\n\n\"คลิกลิ้งค์ เข้าห้องกิจกรรมแจกฟรี\"\n\n\n🚫ห้ามเข้ามาแชร์เครดิตฟรี ลิ้งค์แนะนำ หรือ\nโพสลงที่อัลบั้ม โน็ตกลุ่ม เปลี่ยนชื่อ เปลี่ยนรูป\nกลุ่มกิจกรรม เด็ดขาด ฝ่าฝืน เชิญออก และจะ\nหมดสิทธิ์ร่วมกิจกรรมครั้งต่อๆไปจากเรา🚫\n\n",
    "Sticker": false,
    "Wc": true,
    "Welcome": true,
    "access_key": "0066725464abd96d2cee00863ad9067f",
    "access_token": "ec6a73ed66f5704bf4d071a2174fb736238aaeb6",
    "addContact": {
        "name": "",
        "status": false
    },
    "addImage": {
        "name": "",
        "status": false
    },
    "addPesan": "",
    "addSticker": {
        "name": "",
        "status": false
    },
    "addStickers": {
        "name": "",
        "status": false
    },
    "admin": [
        "udf060a89ebb2af83af77edddb767c329"
    ],
    "ani_guess": [
        "c9a9f741633543d70449a7d9801cbbd28"
    ],
    "apiKey": "8e3cf182-807a-4186-9261-a6c8741a9237",
    "autoAdd": true,
    "autoBlock": true,
    "autoJoin": true,
    "autoJoinTicket": true,
    "autoLeave": false,
    "autoRead": true,
    "autoRead1": false,
    "autoRestart": false,
    "autoblock": false,
    "autolike": true,
    "blacklist": {
        "u038a9d2d2c3c18e0e7774aea3381798d": true,
        "u1a6c444e02fe9f3c47ea4aa7fa3a71b3": true,
        "u262acac0b1900fc8ec5047bc73732c35": true,
        "u2b63ddfb85f999698ce72eb1d7aba72d": true,
        "u343852dcfc5bdbc9b4635cb9b6ca8623": true,
        "u44516a138d4c419ef7730e48be578b7e": true,
        "u590b14aac1faf046571c32aa46da2e72": true,
        "u5c134ef37e0b931412794702aedd3d39": true,
        "u5c35914f947f317437c5120952a7c02a": true,
        "u666c073dfb3ee3f8989e86909f92f515": true,
        "u77ec6f5ea3ed9bdd8426e5f4925e8d22": true,
        "u7e3b8e6995133ae884178260ef48c263": true,
        "u8150d9e3df9100d975a7c5f4b0d65cb3": true,
        "ua83b954e37a57903986b385fe87d26ac": true,
        "uaa07eb0dbfaf2ff7821cab0991a00b2e": true,
        "ub1b185fe502f37f4603d04d2ca5589de": true,
        "ubbaedad5faec37a88c09701675ccc201": true,
        "ucda18255ad2a271e9ec50a0a1472b15f": true,
        "udd578d2e5054e5f4b3f963d839494fa0": true,
        "ue65f72948114f0959d2bcc47e02231e3": true,
        "uee1d96ade38c5a2435e5fda4a47a72f3": true
    },
    "botMute": [],
    "botOff": [],
    "cancelprotect": true,
    "changeCover": false,
    "changeGroupPicture": [],
    "changePicture": false,
    "changeProfileCover": "",
    "changeProfileVideo": {
        "picture": "tmp/pict.bin",
        "stage": 2,
        "status": false,
        "video": "/tmp/linepy-1533757450-2.bin"
    },
    "changeVideo": false,
    "chatbot": {
        "": false
    },
    "checkContact": false,
    "checkPost": false,
    "checkSticker": false,
    "com": false,
    "commet": "auto like by : Maxgie >_<",
    "content": {
        "sam": [
            "u2cf74acf6ed04d122def4db8ffdd2e39",
            "u2cf74acf6ed04d122def4db8ffdd2e39",
            "u2cf74acf6ed04d122def4db8ffdd2e39"
        ],
        "status": true
    },
    "dblack": false,
    "dblacklist": false,
    "delayMention": false,
    "detectMention": true,
    "fancy": {
        "foto1": [],
        "foto2": [],
        "foto3": [],
        "status": false
    },
    "getReader": {},
    "inviteprotect": true,
    "keyCommand": "khie ",
    "leaveMessage": false,
    "leavePesan": "Halo @!, kenapa leave dari grup {gname}??",
    "link": "https://d20gjgsn2f0jqy.cloudfront.net/Iamrobot/60da497f2ba3ca5b269f403d.html",
    "link2": "https://www.wm789.co/aff/0043",
    "link3": "https://www.wm789.co/aff/0043",
    "lv": false,
    "mayhem": false,
    "mentionPesan": "Asw lo @!, Ngapain tag\" gw 􀜅􀄃hmm􏿿",
    "messageSticker": {
        "addName": "readerSticker",
        "addStatus": false,
        "listSticker": {
            "addSticker": {
                "STKID": "2384546",
                "STKPKGID": "1057495",
                "STKVER": "14",
                "status": true
            },
            "leaveSticker": null,
            "mentionSticker": {
                "STKID": "11979804",
                "STKPKGID": "1295985",
                "STKVER": "1"
            },
            "readerSticker": null,
            "replySticker": null,
            "welcomeSticker": null
        }
    },
    "mimic": {
        "copy": false,
        "status": true,
        "target": {
            "udb68a574c2dd49530fd9affdcead6856": true
        }
    },
    "myProfile": {
        "coverId": "4788e60f1e40229b88ed598276353e75",
        "coverStatus": "",
        "displayName": "┈━═☆𝓐𝓭𝓶𝓲𝓷 𝓣𝓾𝓜𝔃 ☆═━┈",
        "pictureStatus": "0h-kZ3N7vEckRnSmTr4CkNE1sPfCkQZHQMH3k5dRcee3weKjYVUyk-IkZIKn0fe2IaXSw0ckVILyBN",
        "statusMessage": "ชีวิตแค่โดนทำร้าย\nแต่ที่สุดมันต้องไม่โดนทำลาย\nแค่วันนี้หัวใจสลาย\nเตือนตัวเองว่าถึงยังไง ฉันยังต้องอยู่\n...ชีวิตยังมีพรุ่งนี้เสมอ..",
        "videoProfile": null
    },
    "naname": "SUN365\nศูนย์รวมสื่อพนันออนไลน์อันดับ1",
    "notag": false,
    "protect": true,
    "protectGroupImage": false,
    "protectGroupName": false,
    "protectGroupQr": false,
    "publicMode": false,
    "qrprotect": true,
    "readerPesan": "Gw @!, Kang Sider",
    "reply": "แทคในกลุ่มมีไรปะครับ >_<",
    "replys": false,
    "resendChat": false,
    "responGc": false,
    "restartBot": null,
    "restartPoint": null,
    "send": "https://sv1.picz.in.th/images/2021/06/28/so9XrJ.jpg",
    "send1": "https://bit.ly/3jkxMQY",
    "server": "VPS",
    "setKey": false,
    "sms": "RAMEN SLOT",
    "sms02": "WM789",
    "sms03": "WM789",
    "sms1": "สมัครรับโบนัส 50%",
    "sms2": "สมัครใหม่รับ 120%",
    "sms3": "ศูนย์รวมสื่อพนันออนไลน์",
    "tag": false,
    "timeRestart": 43200,
    "ttt": "line://app/1602687308-GXq4Vvk9?type=text&text=",
    "unsendMessage": false,
    "userAgent": [
        "Mozilla/5.0 (X11; U; Linux i586; de; rv:5.0) Gecko/20100101 Firefox/5.0",
        "Mozilla/5.0 (X11; U; Linux amd64; rv:5.0) Gecko/20100101 Firefox/5.0 (Debian)",
        "Mozilla/5.0 (X11; U; Linux amd64; en-US; rv:5.0) Gecko/20110619 Firefox/5.0",
        "Mozilla/5.0 (X11; Linux) Gecko Firefox/5.0",
        "Mozilla/5.0 (X11; Linux x86_64; rv:5.0) Gecko/20100101 Firefox/5.0 FirePHP/0.5",
        "Mozilla/5.0 (X11; Linux x86_64; rv:5.0) Gecko/20100101 Firefox/5.0 Firefox/5.0",
        "Mozilla/5.0 (X11; Linux x86_64) Gecko Firefox/5.0",
        "Mozilla/5.0 (X11; Linux ppc; rv:5.0) Gecko/20100101 Firefox/5.0",
        "Mozilla/5.0 (X11; Linux AMD64) Gecko Firefox/5.0",
        "Mozilla/5.0 (X11; FreeBSD amd64; rv:5.0) Gecko/20100101 Firefox/5.0",
        "Mozilla/5.0 (Windows NT 6.2; WOW64; rv:5.0) Gecko/20100101 Firefox/5.0",
        "Mozilla/5.0 (Windows NT 6.1; Win64; x64; rv:5.0) Gecko/20110619 Firefox/5.0",
        "Mozilla/5.0 (Windows NT 6.1; Win64; x64; rv:5.0) Gecko/20100101 Firefox/5.0",
        "Mozilla/5.0 (Windows NT 6.1; rv:6.0) Gecko/20100101 Firefox/5.0",
        "Mozilla/5.0 (Windows NT 6.1.1; rv:5.0) Gecko/20100101 Firefox/5.0",
        "Mozilla/5.0 (Windows NT 5.2; WOW64; rv:5.0) Gecko/20100101 Firefox/5.0",
        "Mozilla/5.0 (Windows NT 5.1; U; rv:5.0) Gecko/20100101 Firefox/5.0",
        "Mozilla/5.0 (Windows NT 5.1; rv:2.0.1) Gecko/20100101 Firefox/5.0",
        "Mozilla/5.0 (Windows NT 5.0; WOW64; rv:5.0) Gecko/20100101 Firefox/5.0",
        "Mozilla/5.0 (Windows NT 5.0; rv:5.0) Gecko/20100101 Firefox/5.0"
    ],
    "userMentioned": {},
    "waktu": 10,
    "wblack": false,
    "wblacklist": false,
    "wcsti2": false,
    "web": "https://d20gjgsn2f0jqy.cloudfront.net/Iamrobot/60da497f2ba3ca5b269f403d.html",
    "web2": "https://www.wm789.co/aff/0043",
    "web3": "https://www.wm789.co/aff/0043",
    "welcomeMessage": false,
    "welcomePesan": "Selamat datang di grup {gname} @! Semoga betah yah 􀜅􀆚Hare Krishna􏿿",
    "winvite": false,
    "กสิกร": "เปิดให้บริการแล้ว\n\n✨ 𝐏𝐆𝐖𝐈𝐍𝐍𝐄𝐑\n🎰 โซนสล็อต\n🎀 100+100\n🎀 1,000+1000\n=============\n🏅 200+100\n🎖️ 300+150\n🎗️ 400+200\n🥈 500+250\n🏆 2,000+1000\n💵 เทิน 4เท่ารวม\n💰อั้น 5เท่า ยอด+โบนัส\n➖➖➖➖➖➖➖➖➖\n➖➖➖➖➖➖➖➖➖\n♠️ โซนคาสิโน\n🎀 100+100\n🎀 1,000+1000\n=============\n🏅 200+100\n🎖️ 300+150\n🎗️ 400+200\n🥈 500+250\n🏆 2,000+1000\n💵 เทิน 8เท่ารวม\n💰อั้น 9เท่า ยอด+โบนัส\n🃏  แทงไม้ละไม่เกิน 4,000บาท\n♦️ ตรวจพบแทงสวนงดถอนทันที\n➖➖➖➖➖➖➖➖➖➖➖\n🔰 แจ้งสลิปรับโปรที่แอดมิน\n➖➖➖➖➖➖➖➖➖➖➖\nhttps://bit.ly/3jkxMQY",
    "การันตี": "https://www.img.in.th/images/7a74c956556840fc0abb6e1c9f61eb75.png",
    "ขนาดภาพ": "1:1",
    "ตั้ม": "https://www.img.in.th/images/7a74c956556840fc0abb6e1c9f61eb75.png",
    "ติดต่อ": "https://line.me/ti/p/~botlinegroup",
    "ตู้ปลา": "https://sv1.picz.in.th/images/2021/06/25/s5PRju.png",
    "ปุ่ม": "การันตีจ่ายชัวน์ทุกยอด",
    "ปุ่ม2": "มาที่เดียวจบครบทุกเกมส์",
    "ปุ่ม3": "มาที่เดียวจบครบทุกเกมส์",
    "ปุ่มขวา": "ติดต่อแอดมิน",
    "ปุ่มขวา2": "ติดต่อแอดมิน",
    "ปุ่มขวา3": "ติดต่อแอดมิน",
    "ปุ่มซ้าย": "สมัครคลิก",
    "ปุ่มซ้าย2": "สมัครคลิก",
    "ปุ่มซ้าย3": "สมัครคลิก",
    "พิกัด": "\"c57092931d230cb674689e7e41cf35e1e\" สนาม SJ",
    "พิกัด1": "[\"c4749453846d535f1365f0019b68bf871\",\"cf20b4a7635e7ed64c70bdd00df0c7e30\",\"c1eaeb85a723dc12f894f102419ae874f\",\"cc08f0d2a18569c398a389bbd4eedab39\",\"c985e360ec58d204d8a29204b3bbb3cec\",\"c57092931d230cb674689e7e41cf35e1e\",\"cfb23e3a19d2748696bb6422de6be6a69\",\"c0554b7f8edf51cb3a14ca11544c9df41\",\"cfe28f1e08ed1994ee80d12c9a546da6a\",\"cef1da2594d4b64dcebfdad0712d127e4\",\"c8a7243e35ea1d382964c34fcfb60a75f\",\"c4749453846d535f1365f0019b68bf871\",\"c6b2c6391f5132d14b5738ea84c1abb9b\",\"c815d106dd352db79686cd48c88941b2b\",\"c1eaeb85a723dc12f894f102419ae874f\",\"c48f55385e622e3d1ac14425c545b6e9d\",\"cc08f0d2a18569c398a389bbd4eedab39\",\"c985e360ec58d204d8a29204b3bbb3cec\",\"c22f1f5fb7745c967dc4bf9cfc9627a77\"]",
    "ลิ้ง1": "https://d20gjgsn2f0jqy.cloudfront.net/Iamrobot/60da497f2ba3ca5b269f403d.html",
    "ลิ้ง2": "https://m.lucabet51.com/dashboard/login?id=a5lwMjaVjQ",
    "ลิ้ง3": "https://msn.bet/register?prefix=PGT788&ref=PGT788887",
    "ลิ้ง4": "https://m.pgslot51.com/dashboard/login?id=8JBYwyCGaS",
    "สน": "สน.ไม่ต้องหรอก..เรือนจำดีกว่ามั้ย",
    "แจก": "https://sv1.picz.in.th/images/2021/06/29/sorgLJ.jpg",
    "แจก1": "https://d20gjgsn2f0jqy.cloudfront.net/Iamrobot/60da497f2ba3ca5b269f403d.html"
}